/*
 Navicat Premium Data Transfer

 Source Server         : local-mysql
 Source Server Type    : MySQL
 Source Server Version : 100413
 Source Host           : localhost:3306
 Source Schema         : odontogram

 Target Server Type    : MySQL
 Target Server Version : 100413
 File Encoding         : 65001

 Date: 06/09/2020 20:30:49
*/

SET NAMES utf8mb4;
SET FOREIGN_KEY_CHECKS = 0;

-- ----------------------------
-- Table structure for m_jabatan
-- ----------------------------
DROP TABLE IF EXISTS `m_jabatan`;
CREATE TABLE `m_jabatan`  (
  `id` int(11) NOT NULL,
  `nama` varchar(255) CHARACTER SET utf8mb4 COLLATE utf8mb4_general_ci NULL DEFAULT NULL,
  `keterangan` varchar(255) CHARACTER SET utf8mb4 COLLATE utf8mb4_general_ci NULL DEFAULT NULL,
  `created_at` datetime(0) NULL DEFAULT NULL,
  `updated_at` datetime(0) NULL DEFAULT NULL,
  `deleted_at` datetime(0) NULL DEFAULT NULL,
  PRIMARY KEY (`id`) USING BTREE
) ENGINE = InnoDB CHARACTER SET = utf8mb4 COLLATE = utf8mb4_general_ci ROW_FORMAT = Dynamic;

-- ----------------------------
-- Records of m_jabatan
-- ----------------------------
INSERT INTO `m_jabatan` VALUES (1, 'Dokter Gigi', 'Dokter Gigi', '2020-08-30 23:25:53', NULL, NULL);
INSERT INTO `m_jabatan` VALUES (2, 'Resepsionis', 'Resepsionis', '2020-08-30 23:25:53', NULL, NULL);

-- ----------------------------
-- Table structure for m_menu
-- ----------------------------
DROP TABLE IF EXISTS `m_menu`;
CREATE TABLE `m_menu`  (
  `id` int(11) NOT NULL,
  `id_parent` int(11) NOT NULL,
  `nama` varchar(255) CHARACTER SET latin1 COLLATE latin1_swedish_ci NULL DEFAULT NULL,
  `judul` varchar(255) CHARACTER SET latin1 COLLATE latin1_swedish_ci NULL DEFAULT NULL,
  `link` varchar(255) CHARACTER SET latin1 COLLATE latin1_swedish_ci NULL DEFAULT NULL,
  `icon` varchar(255) CHARACTER SET latin1 COLLATE latin1_swedish_ci NULL DEFAULT NULL,
  `aktif` int(1) NULL DEFAULT NULL,
  `tingkat` int(11) NULL DEFAULT NULL,
  `urutan` int(11) NULL DEFAULT NULL,
  `add_button` int(1) NULL DEFAULT NULL,
  `edit_button` int(1) NULL DEFAULT NULL,
  `delete_button` int(1) NULL DEFAULT NULL,
  PRIMARY KEY (`id`) USING BTREE
) ENGINE = InnoDB CHARACTER SET = latin1 COLLATE = latin1_swedish_ci ROW_FORMAT = COMPACT;

-- ----------------------------
-- Records of m_menu
-- ----------------------------
INSERT INTO `m_menu` VALUES (1, 0, 'Dashboard', 'Dashboard', 'home', 'flaticon2-architecture-and-city', 1, 1, 1, 0, 0, 0);
INSERT INTO `m_menu` VALUES (2, 0, 'Setting (Administrator)', 'Setting', NULL, 'flaticon2-gear', 1, 1, 5, 0, 0, 0);
INSERT INTO `m_menu` VALUES (3, 2, 'Setting Menu', 'Setting Menu', 'set_menu', 'flaticon-grid-menu', 1, 2, 2, 1, 1, 1);
INSERT INTO `m_menu` VALUES (4, 2, 'Setting Role', 'Setting Role', 'set_role', 'flaticon-network', 1, 2, 1, 1, 1, 1);
INSERT INTO `m_menu` VALUES (5, 2, 'bu thak ndogmu', 'aosasi', 'asas', '', 1, 2, 3, 1, 1, 1);
INSERT INTO `m_menu` VALUES (6, 0, 'Master', 'Master', '', 'flaticon-folder-1', 1, 1, 2, 0, 0, 0);
INSERT INTO `m_menu` VALUES (7, 10, 'Data User', 'Data User', 'master_user', 'flaticon-users', 1, 3, 1, 1, 1, 1);
INSERT INTO `m_menu` VALUES (8, 10, 'Data Pegawai', 'Master Data Pegawai', 'master_pegawai', 'flaticon-user', 1, 3, 2, 1, 1, 1);
INSERT INTO `m_menu` VALUES (9, 6, 'Data', 'Data', '', 'flaticon-tabs', 1, 2, 2, 0, 0, 0);
INSERT INTO `m_menu` VALUES (10, 6, 'User', 'User', '', 'flaticon-users-1', 1, 2, 3, 0, 0, 0);
INSERT INTO `m_menu` VALUES (11, 6, 'Klinik', 'Klinik', '', 'flaticon-medal', 1, 2, 1, 0, 0, 0);
INSERT INTO `m_menu` VALUES (12, 11, 'Profil Klinik', 'Profil Klinik', 'klinik_profile', 'flaticon-profile', 1, 3, 1, 1, 1, 1);
INSERT INTO `m_menu` VALUES (13, 9, 'Tindakan', 'Tindakan', 'master_tindakan', 'flaticon2-graph', 1, 3, 1, 1, 1, 1);
INSERT INTO `m_menu` VALUES (14, 9, 'Diagnosa', 'Diagnosa', 'master_diagnosa', 'flaticon2-contract', 1, 3, 2, 1, 1, 1);

-- ----------------------------
-- Table structure for m_pegawai
-- ----------------------------
DROP TABLE IF EXISTS `m_pegawai`;
CREATE TABLE `m_pegawai`  (
  `id` varchar(100) CHARACTER SET utf8mb4 COLLATE utf8mb4_general_ci NOT NULL DEFAULT '1',
  `id_jabatan` varchar(255) CHARACTER SET utf8mb4 COLLATE utf8mb4_general_ci NULL DEFAULT NULL,
  `kode` varchar(10) CHARACTER SET utf8mb4 COLLATE utf8mb4_general_ci NULL DEFAULT NULL,
  `nama` varchar(255) CHARACTER SET utf8mb4 COLLATE utf8mb4_general_ci NULL DEFAULT NULL,
  `alamat` varchar(255) CHARACTER SET utf8mb4 COLLATE utf8mb4_general_ci NULL DEFAULT NULL,
  `telp_1` varchar(255) CHARACTER SET utf8mb4 COLLATE utf8mb4_general_ci NULL DEFAULT NULL,
  `telp_2` varchar(255) CHARACTER SET utf8mb4 COLLATE utf8mb4_general_ci NULL DEFAULT NULL,
  `created_at` datetime(0) NULL DEFAULT NULL,
  `updated_at` datetime(0) NULL DEFAULT NULL,
  `deleted_at` datetime(0) NULL DEFAULT NULL,
  `is_aktif` int(1) NULL DEFAULT NULL,
  PRIMARY KEY (`id`) USING BTREE
) ENGINE = InnoDB CHARACTER SET = utf8mb4 COLLATE = utf8mb4_general_ci ROW_FORMAT = Dynamic;

-- ----------------------------
-- Records of m_pegawai
-- ----------------------------
INSERT INTO `m_pegawai` VALUES ('1', '1', 'PEG-00001', 'RUDI SEDATI', 'RAYA SEDATI 41', '08141212319', '081821727128', '2020-09-05 21:26:48', NULL, NULL, 1);
INSERT INTO `m_pegawai` VALUES ('2', '2', 'PEG-00002', 'RIDWAN TAMBAK', 'WIYUNG 29 SURABAYA', '083312941212', '081821727128', '2020-09-05 21:26:48', NULL, NULL, 1);
INSERT INTO `m_pegawai` VALUES ('3', '2', 'PEG-00003', 'ANTON BUBUT', 'GENTENG KALI 31', '084121234121', '0831212112312', '2020-09-05 21:26:48', NULL, NULL, 1);

-- ----------------------------
-- Table structure for m_profil_klinik
-- ----------------------------
DROP TABLE IF EXISTS `m_profil_klinik`;
CREATE TABLE `m_profil_klinik`  (
  `id` int(11) NOT NULL,
  `nama_klinik` varchar(255) CHARACTER SET utf8mb4 COLLATE utf8mb4_general_ci NULL DEFAULT NULL,
  `alamat` varchar(255) CHARACTER SET utf8mb4 COLLATE utf8mb4_general_ci NULL DEFAULT NULL,
  `kelurahan` varchar(255) CHARACTER SET utf8mb4 COLLATE utf8mb4_general_ci NULL DEFAULT NULL,
  `kecamatan` varchar(255) CHARACTER SET utf8mb4 COLLATE utf8mb4_general_ci NULL DEFAULT NULL,
  `kota` varchar(255) CHARACTER SET utf8mb4 COLLATE utf8mb4_general_ci NULL DEFAULT NULL,
  `kode_pos` varchar(255) CHARACTER SET utf8mb4 COLLATE utf8mb4_general_ci NULL DEFAULT NULL,
  `provinsi` varchar(255) CHARACTER SET utf8mb4 COLLATE utf8mb4_general_ci NULL DEFAULT NULL,
  `telp` varchar(255) CHARACTER SET utf8mb4 COLLATE utf8mb4_general_ci NULL DEFAULT NULL,
  `email` varchar(255) CHARACTER SET utf8mb4 COLLATE utf8mb4_general_ci NULL DEFAULT NULL,
  `website` varchar(255) CHARACTER SET utf8mb4 COLLATE utf8mb4_general_ci NULL DEFAULT NULL,
  `nama_dokter` varchar(255) CHARACTER SET utf8mb4 COLLATE utf8mb4_general_ci NULL DEFAULT NULL,
  `sip` varchar(255) CHARACTER SET utf8mb4 COLLATE utf8mb4_general_ci NULL DEFAULT NULL,
  `gambar` varchar(255) CHARACTER SET utf8mb4 COLLATE utf8mb4_general_ci NULL DEFAULT NULL,
  `created_at` datetime(0) NULL DEFAULT NULL,
  `updated_at` datetime(0) NULL DEFAULT NULL,
  `deleted_at` datetime(0) NULL DEFAULT NULL,
  PRIMARY KEY (`id`) USING BTREE
) ENGINE = InnoDB CHARACTER SET = utf8mb4 COLLATE = utf8mb4_general_ci ROW_FORMAT = Dynamic;

-- ----------------------------
-- Records of m_profil_klinik
-- ----------------------------
INSERT INTO `m_profil_klinik` VALUES (1, 'Klinik Tong Fang', 'asasjaksjak aska sa', 'ngagel', 'wonokromo', 'surabaya', '60245', 'jawa timur', '1921212', 'asas@asas.com', 'tongfang.com', 'mat drai', '121212', 'logo.png', '2020-09-05 00:04:03', NULL, NULL);

-- ----------------------------
-- Table structure for m_role
-- ----------------------------
DROP TABLE IF EXISTS `m_role`;
CREATE TABLE `m_role`  (
  `id` int(11) NOT NULL AUTO_INCREMENT,
  `nama` varchar(20) CHARACTER SET latin1 COLLATE latin1_swedish_ci NOT NULL,
  `keterangan` varchar(255) CHARACTER SET latin1 COLLATE latin1_swedish_ci NULL DEFAULT '',
  `aktif` int(1) NULL DEFAULT 1,
  PRIMARY KEY (`id`) USING BTREE
) ENGINE = InnoDB AUTO_INCREMENT = 6 CHARACTER SET = latin1 COLLATE = latin1_swedish_ci ROW_FORMAT = COMPACT;

-- ----------------------------
-- Records of m_role
-- ----------------------------
INSERT INTO `m_role` VALUES (1, 'developer', 'Level Developer Role', 1);
INSERT INTO `m_role` VALUES (2, 'administrator', 'Level Administrator Role', 1);
INSERT INTO `m_role` VALUES (3, 'Staff Admin', 'Role Untuk Staff Admin', 1);

-- ----------------------------
-- Table structure for m_user
-- ----------------------------
DROP TABLE IF EXISTS `m_user`;
CREATE TABLE `m_user`  (
  `id` varchar(100) CHARACTER SET latin1 COLLATE latin1_swedish_ci NOT NULL,
  `id_role` int(11) NULL DEFAULT NULL,
  `id_pegawai` varchar(100) CHARACTER SET latin1 COLLATE latin1_swedish_ci NULL DEFAULT NULL,
  `kode_user` varchar(100) CHARACTER SET latin1 COLLATE latin1_swedish_ci NULL DEFAULT NULL,
  `username` varchar(100) CHARACTER SET latin1 COLLATE latin1_swedish_ci NULL DEFAULT NULL,
  `password` varchar(100) CHARACTER SET latin1 COLLATE latin1_swedish_ci NULL DEFAULT NULL,
  `status` int(1) NULL DEFAULT NULL,
  `last_login` datetime(0) NULL DEFAULT NULL,
  `foto` varchar(255) CHARACTER SET latin1 COLLATE latin1_swedish_ci NULL DEFAULT 'user_default.png',
  `created_at` datetime(0) NULL DEFAULT NULL,
  `updated_at` datetime(0) NULL DEFAULT NULL ON UPDATE CURRENT_TIMESTAMP(0),
  `deleted_at` datetime(0) NULL DEFAULT NULL,
  PRIMARY KEY (`id`) USING BTREE
) ENGINE = InnoDB CHARACTER SET = latin1 COLLATE = latin1_swedish_ci ROW_FORMAT = COMPACT;

-- ----------------------------
-- Records of m_user
-- ----------------------------
INSERT INTO `m_user` VALUES ('1', 1, '1', 'USR-00001', 'admin', 'SnIvSVV6c2UwdWhKS1ZKMDluUlp4dz09', 1, NULL, 'user_default.png', '2020-09-06 20:18:00', NULL, NULL);
INSERT INTO `m_user` VALUES ('2', 2, '2', 'USR-00002', 'cek', 'SnIvSVV6c2UwdWhKS1ZKMDluUlp4dz09', 1, NULL, 'user_default.png', '2020-09-06 20:18:00', NULL, NULL);
INSERT INTO `m_user` VALUES ('3', 1, '2', 'USR-00003', 'sugiono', 'SnIvSVV6c2UwdWhKS1ZKMDluUlp4dz09', 1, NULL, 'user_default.png', '2020-09-06 20:18:00', NULL, NULL);

-- ----------------------------
-- Table structure for t_role_menu
-- ----------------------------
DROP TABLE IF EXISTS `t_role_menu`;
CREATE TABLE `t_role_menu`  (
  `id_menu` int(11) NOT NULL,
  `id_role` int(11) NOT NULL,
  `add_button` int(1) NULL DEFAULT 0,
  `edit_button` int(1) NULL DEFAULT 0,
  `delete_button` int(1) NULL DEFAULT 0,
  INDEX `f_level_user`(`id_role`) USING BTREE,
  INDEX `id_menu`(`id_menu`) USING BTREE,
  CONSTRAINT `f_level_user` FOREIGN KEY (`id_role`) REFERENCES `m_role` (`id`) ON DELETE RESTRICT ON UPDATE RESTRICT,
  CONSTRAINT `t_role_menu_ibfk_1` FOREIGN KEY (`id_menu`) REFERENCES `m_menu` (`id`) ON DELETE RESTRICT ON UPDATE RESTRICT
) ENGINE = InnoDB CHARACTER SET = latin1 COLLATE = latin1_swedish_ci ROW_FORMAT = COMPACT;

-- ----------------------------
-- Records of t_role_menu
-- ----------------------------
INSERT INTO `t_role_menu` VALUES (1, 3, 0, 0, 0);
INSERT INTO `t_role_menu` VALUES (2, 3, 0, 0, 0);
INSERT INTO `t_role_menu` VALUES (5, 3, 1, 1, 1);
INSERT INTO `t_role_menu` VALUES (1, 1, 0, 0, 0);
INSERT INTO `t_role_menu` VALUES (6, 1, 0, 0, 0);
INSERT INTO `t_role_menu` VALUES (11, 1, 0, 0, 0);
INSERT INTO `t_role_menu` VALUES (12, 1, 1, 1, 1);
INSERT INTO `t_role_menu` VALUES (9, 1, 0, 0, 0);
INSERT INTO `t_role_menu` VALUES (13, 1, 1, 1, 1);
INSERT INTO `t_role_menu` VALUES (14, 1, 1, 1, 1);
INSERT INTO `t_role_menu` VALUES (10, 1, 0, 0, 0);
INSERT INTO `t_role_menu` VALUES (7, 1, 1, 1, 1);
INSERT INTO `t_role_menu` VALUES (8, 1, 1, 1, 1);
INSERT INTO `t_role_menu` VALUES (2, 1, 0, 0, 0);
INSERT INTO `t_role_menu` VALUES (4, 1, 1, 1, 1);
INSERT INTO `t_role_menu` VALUES (3, 1, 1, 1, 1);

SET FOREIGN_KEY_CHECKS = 1;
