/*
 Navicat Premium Data Transfer

 Source Server         : local-mysql
 Source Server Type    : MySQL
 Source Server Version : 100413
 Source Host           : localhost:3306
 Source Schema         : odontogram

 Target Server Type    : MySQL
 Target Server Version : 100413
 File Encoding         : 65001

 Date: 28/09/2020 06:41:02
*/

SET NAMES utf8mb4;
SET FOREIGN_KEY_CHECKS = 0;

-- ----------------------------
-- Table structure for m_asuransi
-- ----------------------------
DROP TABLE IF EXISTS `m_asuransi`;
CREATE TABLE `m_asuransi`  (
  `id` int(11) NOT NULL,
  `nama` varchar(255) CHARACTER SET utf8mb4 COLLATE utf8mb4_general_ci NULL DEFAULT NULL,
  `keterangan` varchar(255) CHARACTER SET utf8mb4 COLLATE utf8mb4_general_ci NULL DEFAULT NULL,
  `created_at` datetime(0) NULL DEFAULT NULL,
  `updated_at` datetime(0) NULL DEFAULT NULL,
  `deleted_at` datetime(0) NULL DEFAULT NULL,
  PRIMARY KEY (`id`) USING BTREE
) ENGINE = InnoDB CHARACTER SET = utf8mb4 COLLATE = utf8mb4_general_ci ROW_FORMAT = Dynamic;

-- ----------------------------
-- Records of m_asuransi
-- ----------------------------
INSERT INTO `m_asuransi` VALUES (1, 'BPJS', 'BPJS', '2020-09-18 23:31:23', NULL, NULL);
INSERT INTO `m_asuransi` VALUES (2, 'asa', 'as', '2020-09-18 23:31:23', '2020-09-19 21:26:07', '2020-09-19 21:33:05');
INSERT INTO `m_asuransi` VALUES (3, 'Arisan Kampung', 'Arisan Kampung', '2020-09-18 23:31:23', NULL, NULL);
INSERT INTO `m_asuransi` VALUES (4, 'coba', 'coba', '2020-09-19 14:02:09', NULL, NULL);
INSERT INTO `m_asuransi` VALUES (5, 'cek', 'cek', '2020-09-19 14:02:19', NULL, NULL);
INSERT INTO `m_asuransi` VALUES (6, 'select2', 'sel2', '2020-09-19 14:12:08', '2020-09-19 21:23:20', NULL);
INSERT INTO `m_asuransi` VALUES (7, 'asas', 'aad', '2020-09-19 20:41:41', '2020-09-19 21:28:49', '2020-09-19 21:33:01');
INSERT INTO `m_asuransi` VALUES (8, 'Prundential', 'Prudential', '2020-09-19 21:26:22', NULL, NULL);
INSERT INTO `m_asuransi` VALUES (9, 'yoyoi', 'yoyoi', '2020-09-19 21:33:15', NULL, NULL);

-- ----------------------------
-- Table structure for m_data_medik
-- ----------------------------
DROP TABLE IF EXISTS `m_data_medik`;
CREATE TABLE `m_data_medik`  (
  `id` int(11) NOT NULL,
  `id_pasien` varchar(255) CHARACTER SET utf8mb4 COLLATE utf8mb4_general_ci NULL DEFAULT NULL,
  `gol_darah` varchar(2) CHARACTER SET utf8mb4 COLLATE utf8mb4_general_ci NULL DEFAULT NULL,
  `tekanan_darah` varchar(255) CHARACTER SET utf8mb4 COLLATE utf8mb4_general_ci NULL DEFAULT NULL,
  `tekanan_darah_val` varchar(255) CHARACTER SET utf8mb4 COLLATE utf8mb4_general_ci NULL DEFAULT NULL,
  `penyakit_jantung` int(1) NULL DEFAULT NULL,
  `diabetes` int(1) NULL DEFAULT NULL,
  `haemopilia` int(1) NULL DEFAULT NULL,
  `hepatitis` int(1) NULL DEFAULT NULL,
  `gastring` int(1) NULL DEFAULT NULL,
  `penyakit_lainnya` int(1) NULL DEFAULT NULL,
  `alergi_obat` int(1) NULL DEFAULT NULL,
  `alergi_obat_val` varchar(255) CHARACTER SET utf8mb4 COLLATE utf8mb4_general_ci NULL DEFAULT NULL,
  `alergi_makanan` int(1) NULL DEFAULT NULL,
  `alergi_makanan_val` varchar(255) CHARACTER SET utf8mb4 COLLATE utf8mb4_general_ci NULL DEFAULT NULL,
  `created_at` datetime(0) NULL DEFAULT NULL,
  `updated_at` datetime(0) NULL DEFAULT NULL,
  `deleted_at` datetime(0) NULL DEFAULT NULL,
  PRIMARY KEY (`id`) USING BTREE
) ENGINE = InnoDB CHARACTER SET = utf8mb4 COLLATE = utf8mb4_general_ci ROW_FORMAT = Dynamic;

-- ----------------------------
-- Records of m_data_medik
-- ----------------------------
INSERT INTO `m_data_medik` VALUES (1, '5', 'O', 'HYPERTENSI', '140/10', 1, 1, 1, 1, 1, 1, 0, NULL, 0, NULL, '2020-09-13 17:53:03', NULL, NULL);
INSERT INTO `m_data_medik` VALUES (2, '6', 'AB', 'HYPERTENSI', '900/21', 1, 0, 0, 0, 1, 0, 1, 'kalpanax', 0, NULL, '2020-09-19 20:28:52', NULL, NULL);

-- ----------------------------
-- Table structure for m_diagnosa
-- ----------------------------
DROP TABLE IF EXISTS `m_diagnosa`;
CREATE TABLE `m_diagnosa`  (
  `id_diagnosa` int(32) NOT NULL AUTO_INCREMENT,
  `kode_diagnosa` varchar(255) CHARACTER SET utf8mb4 COLLATE utf8mb4_general_ci NULL DEFAULT NULL,
  `nama_diagnosa` varchar(500) CHARACTER SET utf8mb4 COLLATE utf8mb4_general_ci NULL DEFAULT NULL,
  `created_at` datetime(0) NULL DEFAULT NULL,
  `updated_at` datetime(0) NULL DEFAULT NULL,
  `deleted_at` datetime(0) NULL DEFAULT NULL,
  PRIMARY KEY (`id_diagnosa`) USING BTREE
) ENGINE = InnoDB AUTO_INCREMENT = 4 CHARACTER SET = utf8mb4 COLLATE = utf8mb4_general_ci ROW_FORMAT = DYNAMIC;

-- ----------------------------
-- Records of m_diagnosa
-- ----------------------------
INSERT INTO `m_diagnosa` VALUES (1, 'K.00.1', 'Karies Gigi Dong', '2020-09-07 08:18:56', NULL, NULL);
INSERT INTO `m_diagnosa` VALUES (2, 'K.00.2', 'Gigi Berlubang', '2020-09-07 10:24:36', NULL, NULL);
INSERT INTO `m_diagnosa` VALUES (3, 'K.00.3', 'Coba Diag', '2020-09-07 10:29:33', NULL, '2020-09-09 09:26:55');

-- ----------------------------
-- Table structure for m_jabatan
-- ----------------------------
DROP TABLE IF EXISTS `m_jabatan`;
CREATE TABLE `m_jabatan`  (
  `id` int(11) NOT NULL,
  `nama` varchar(255) CHARACTER SET utf8mb4 COLLATE utf8mb4_general_ci NULL DEFAULT NULL,
  `keterangan` varchar(255) CHARACTER SET utf8mb4 COLLATE utf8mb4_general_ci NULL DEFAULT NULL,
  `created_at` datetime(0) NULL DEFAULT NULL,
  `updated_at` datetime(0) NULL DEFAULT NULL,
  `deleted_at` datetime(0) NULL DEFAULT NULL,
  PRIMARY KEY (`id`) USING BTREE
) ENGINE = InnoDB CHARACTER SET = utf8mb4 COLLATE = utf8mb4_general_ci ROW_FORMAT = Dynamic;

-- ----------------------------
-- Records of m_jabatan
-- ----------------------------
INSERT INTO `m_jabatan` VALUES (1, 'Dokter Gigi', 'Dokter Gigi Spesialis', '2020-08-30 23:25:53', '2020-09-08 20:07:44', NULL);
INSERT INTO `m_jabatan` VALUES (2, 'Resepsionis', 'Resepsionis', '2020-08-30 23:25:53', NULL, NULL);
INSERT INTO `m_jabatan` VALUES (3, 'Cleaning Service', 'Resik Resik Klinik', '2020-09-08 19:57:55', NULL, NULL);

-- ----------------------------
-- Table structure for m_klinik
-- ----------------------------
DROP TABLE IF EXISTS `m_klinik`;
CREATE TABLE `m_klinik`  (
  `id` int(11) NOT NULL,
  `nama_klinik` varchar(255) CHARACTER SET utf8mb4 COLLATE utf8mb4_general_ci NULL DEFAULT NULL,
  `alamat` varchar(255) CHARACTER SET utf8mb4 COLLATE utf8mb4_general_ci NULL DEFAULT NULL,
  `kelurahan` varchar(255) CHARACTER SET utf8mb4 COLLATE utf8mb4_general_ci NULL DEFAULT NULL,
  `kecamatan` varchar(255) CHARACTER SET utf8mb4 COLLATE utf8mb4_general_ci NULL DEFAULT NULL,
  `kota` varchar(255) CHARACTER SET utf8mb4 COLLATE utf8mb4_general_ci NULL DEFAULT NULL,
  `kode_pos` varchar(255) CHARACTER SET utf8mb4 COLLATE utf8mb4_general_ci NULL DEFAULT NULL,
  `provinsi` varchar(255) CHARACTER SET utf8mb4 COLLATE utf8mb4_general_ci NULL DEFAULT NULL,
  `telp` varchar(255) CHARACTER SET utf8mb4 COLLATE utf8mb4_general_ci NULL DEFAULT NULL,
  `email` varchar(255) CHARACTER SET utf8mb4 COLLATE utf8mb4_general_ci NULL DEFAULT NULL,
  `website` varchar(255) CHARACTER SET utf8mb4 COLLATE utf8mb4_general_ci NULL DEFAULT NULL,
  `nama_dokter` varchar(255) CHARACTER SET utf8mb4 COLLATE utf8mb4_general_ci NULL DEFAULT NULL,
  `sip` varchar(255) CHARACTER SET utf8mb4 COLLATE utf8mb4_general_ci NULL DEFAULT NULL,
  `gambar` varchar(255) CHARACTER SET utf8mb4 COLLATE utf8mb4_general_ci NULL DEFAULT NULL,
  `created_at` datetime(0) NULL DEFAULT NULL,
  `updated_at` datetime(0) NULL DEFAULT NULL,
  `deleted_at` datetime(0) NULL DEFAULT NULL,
  PRIMARY KEY (`id`) USING BTREE
) ENGINE = InnoDB CHARACTER SET = utf8mb4 COLLATE = utf8mb4_general_ci ROW_FORMAT = Dynamic;

-- ----------------------------
-- Records of m_klinik
-- ----------------------------
INSERT INTO `m_klinik` VALUES (1, 'KLINIK TONG FANG', 'JALAN RAHASIA DI SURABAYA', 'KEL. RAHASIA', 'KEC. RAHASIA', 'SURABAYA', '60231', 'JAWA TIMUR', '078121981291', 'tongfangpanjang@gmail.com', '', 'DR. FENG HUO', '12671617182129', 'logo.jpeg', '2020-09-07 15:59:09', NULL, '2020-09-26 22:33:56');
INSERT INTO `m_klinik` VALUES (2, 'KLINIK TONG FANG', 'JALAN RAHASIA DI SURABAYA', 'KEL. RAHASIA', 'KEC. RAHASIA', 'SURABAYA', '60231', 'JAWA TIMUR', '12671617182129', 'tongfangpanjang@gmail.com', '', 'DR. FENG HUO', '12671617182129', 'logo.jpg', '2020-09-26 22:33:56', NULL, NULL);

-- ----------------------------
-- Table structure for m_menu
-- ----------------------------
DROP TABLE IF EXISTS `m_menu`;
CREATE TABLE `m_menu`  (
  `id` int(11) NOT NULL,
  `id_parent` int(11) NOT NULL,
  `nama` varchar(255) CHARACTER SET latin1 COLLATE latin1_swedish_ci NULL DEFAULT NULL,
  `judul` varchar(255) CHARACTER SET latin1 COLLATE latin1_swedish_ci NULL DEFAULT NULL,
  `link` varchar(255) CHARACTER SET latin1 COLLATE latin1_swedish_ci NULL DEFAULT NULL,
  `icon` varchar(255) CHARACTER SET latin1 COLLATE latin1_swedish_ci NULL DEFAULT NULL,
  `aktif` int(1) NULL DEFAULT NULL,
  `tingkat` int(11) NULL DEFAULT NULL,
  `urutan` int(11) NULL DEFAULT NULL,
  `add_button` int(1) NULL DEFAULT NULL,
  `edit_button` int(1) NULL DEFAULT NULL,
  `delete_button` int(1) NULL DEFAULT NULL,
  PRIMARY KEY (`id`) USING BTREE
) ENGINE = InnoDB CHARACTER SET = latin1 COLLATE = latin1_swedish_ci ROW_FORMAT = COMPACT;

-- ----------------------------
-- Records of m_menu
-- ----------------------------
INSERT INTO `m_menu` VALUES (1, 0, 'Dashboard', 'Dashboard', 'home', 'flaticon2-architecture-and-city', 1, 1, 1, 0, 0, 0);
INSERT INTO `m_menu` VALUES (2, 0, 'Setting (Administrator)', 'Setting', NULL, 'flaticon2-gear', 1, 1, 5, 0, 0, 0);
INSERT INTO `m_menu` VALUES (3, 2, 'Setting Menu', 'Setting Menu', 'set_menu', 'flaticon-grid-menu', 1, 2, 2, 1, 1, 1);
INSERT INTO `m_menu` VALUES (4, 2, 'Setting Role', 'Setting Role', 'set_role', 'flaticon-network', 1, 2, 1, 1, 1, 1);
INSERT INTO `m_menu` VALUES (5, 2, 'bu thak ndogmu', 'aosasi', 'asas', '', 1, 2, 3, 1, 1, 1);
INSERT INTO `m_menu` VALUES (6, 0, 'Master', 'Master', '', 'flaticon-folder-1', 1, 1, 2, 0, 0, 0);
INSERT INTO `m_menu` VALUES (7, 10, 'Data User', 'Data User', 'master_user', 'flaticon-users', 1, 3, 1, 1, 1, 1);
INSERT INTO `m_menu` VALUES (8, 10, 'Data Pegawai', 'Master Data Pegawai', 'master_pegawai', 'flaticon-user', 1, 3, 2, 1, 1, 1);
INSERT INTO `m_menu` VALUES (9, 6, 'Data', 'Data', '', 'flaticon-tabs', 1, 2, 2, 0, 0, 0);
INSERT INTO `m_menu` VALUES (10, 6, 'User', 'User', '', 'flaticon-users-1', 1, 2, 3, 0, 0, 0);
INSERT INTO `m_menu` VALUES (11, 6, 'Klinik', 'Klinik', '', 'flaticon-medal', 1, 2, 1, 0, 0, 0);
INSERT INTO `m_menu` VALUES (12, 11, 'Data Klinik', 'Data Klinik', 'master_klinik', 'flaticon-profile', 1, 3, 1, 1, 1, 1);
INSERT INTO `m_menu` VALUES (13, 9, 'Tindakan', 'Tindakan', 'master_tindakan', 'flaticon2-graph', 1, 3, 1, 1, 1, 1);
INSERT INTO `m_menu` VALUES (14, 9, 'Diagnosa', 'Diagnosa', 'master_diagnosa', 'flaticon2-contract', 1, 3, 2, 1, 1, 1);
INSERT INTO `m_menu` VALUES (15, 10, 'Pemetaan', 'Pemetaan', 'master_pemetaan', 'flaticon-interface-8', 1, 3, 3, 1, 1, 1);
INSERT INTO `m_menu` VALUES (16, 10, 'Jabatan', 'Master Jabatan', 'master_jabatan', 'flaticon-customer', 1, 3, 4, 1, 1, 1);
INSERT INTO `m_menu` VALUES (17, 0, 'Registrasi', 'Registrasi', '', 'flaticon-list', 1, 1, 3, 0, 0, 0);
INSERT INTO `m_menu` VALUES (18, 17, 'Data Pasien', 'Data pasien', 'data_pasien', 'flaticon-profile-1', 1, 2, 1, 1, 1, 1);
INSERT INTO `m_menu` VALUES (19, 17, 'Registrasi Pasien', 'Registrasi Pasien', 'reg_pasien', 'flaticon-user-add', 1, 2, 2, 1, 1, 1);
INSERT INTO `m_menu` VALUES (20, 0, 'Rekam Medik', 'Rekam Medik', '', 'flaticon2-heart-rate-monitor', 1, 1, 4, 0, 0, 0);
INSERT INTO `m_menu` VALUES (21, 20, 'Data Rekam Medik', 'Data Rekam Medik', 'rekam_medik', 'flaticon2-medical-records', 1, 2, 1, 1, 1, 1);

-- ----------------------------
-- Table structure for m_pasien
-- ----------------------------
DROP TABLE IF EXISTS `m_pasien`;
CREATE TABLE `m_pasien`  (
  `id` int(11) NOT NULL,
  `no_rm` varchar(255) CHARACTER SET utf8mb4 COLLATE utf8mb4_general_ci NULL DEFAULT NULL,
  `nama` varchar(255) CHARACTER SET utf8mb4 COLLATE utf8mb4_general_ci NULL DEFAULT NULL,
  `tempat_lahir` varchar(255) CHARACTER SET utf8mb4 COLLATE utf8mb4_general_ci NULL DEFAULT NULL,
  `tanggal_lahir` date NULL DEFAULT NULL,
  `nik` varchar(255) CHARACTER SET utf8mb4 COLLATE utf8mb4_general_ci NULL DEFAULT NULL,
  `jenis_kelamin` varchar(1) CHARACTER SET utf8mb4 COLLATE utf8mb4_general_ci NULL DEFAULT NULL,
  `suku` varchar(255) CHARACTER SET utf8mb4 COLLATE utf8mb4_general_ci NULL DEFAULT NULL,
  `pekerjaan` varchar(255) CHARACTER SET utf8mb4 COLLATE utf8mb4_general_ci NULL DEFAULT NULL,
  `alamat_rumah` text CHARACTER SET utf8mb4 COLLATE utf8mb4_general_ci NULL,
  `telp_rumah` varchar(255) CHARACTER SET utf8mb4 COLLATE utf8mb4_general_ci NULL DEFAULT NULL,
  `alamat_kantor` text CHARACTER SET utf8mb4 COLLATE utf8mb4_general_ci NULL,
  `hp` varchar(255) CHARACTER SET utf8mb4 COLLATE utf8mb4_general_ci NULL DEFAULT NULL,
  `is_aktif` int(1) NULL DEFAULT NULL,
  `created_at` datetime(0) NULL DEFAULT NULL,
  `updated_at` datetime(0) NULL DEFAULT NULL,
  `deleted_at` datetime(0) NULL DEFAULT NULL,
  PRIMARY KEY (`id`) USING BTREE
) ENGINE = InnoDB CHARACTER SET = utf8mb4 COLLATE = utf8mb4_general_ci ROW_FORMAT = Dynamic;

-- ----------------------------
-- Records of m_pasien
-- ----------------------------
INSERT INTO `m_pasien` VALUES (5, 'LU.00.01', 'LUCAS', 'MANOKWARI', '1990-02-05', '38128121291219', 'L', 'PAPUA', 'CHEF PAPEDA', 'JALAN AKSJAKSJAKSJA', NULL, NULL, '0812131212121', 1, '2020-09-13 17:53:03', NULL, NULL);
INSERT INTO `m_pasien` VALUES (6, 'YO.00.01', 'YONO', 'surabaya', '2000-01-04', '1271827182718211', 'L', 'jawa', 'macul', 'asaa', '031281821218', NULL, '08121281921829', 1, '2020-09-19 20:28:52', NULL, NULL);

-- ----------------------------
-- Table structure for m_pegawai
-- ----------------------------
DROP TABLE IF EXISTS `m_pegawai`;
CREATE TABLE `m_pegawai`  (
  `id` varchar(100) CHARACTER SET utf8mb4 COLLATE utf8mb4_general_ci NOT NULL DEFAULT '1',
  `id_jabatan` varchar(255) CHARACTER SET utf8mb4 COLLATE utf8mb4_general_ci NULL DEFAULT NULL,
  `kode` varchar(10) CHARACTER SET utf8mb4 COLLATE utf8mb4_general_ci NULL DEFAULT NULL,
  `nama` varchar(255) CHARACTER SET utf8mb4 COLLATE utf8mb4_general_ci NULL DEFAULT NULL,
  `alamat` varchar(255) CHARACTER SET utf8mb4 COLLATE utf8mb4_general_ci NULL DEFAULT NULL,
  `telp_1` varchar(255) CHARACTER SET utf8mb4 COLLATE utf8mb4_general_ci NULL DEFAULT NULL,
  `telp_2` varchar(255) CHARACTER SET utf8mb4 COLLATE utf8mb4_general_ci NULL DEFAULT NULL,
  `created_at` datetime(0) NULL DEFAULT NULL,
  `updated_at` datetime(0) NULL DEFAULT NULL,
  `deleted_at` datetime(0) NULL DEFAULT NULL,
  `is_aktif` int(1) NULL DEFAULT NULL,
  PRIMARY KEY (`id`) USING BTREE
) ENGINE = InnoDB CHARACTER SET = utf8mb4 COLLATE = utf8mb4_general_ci ROW_FORMAT = Dynamic;

-- ----------------------------
-- Records of m_pegawai
-- ----------------------------
INSERT INTO `m_pegawai` VALUES ('1', '1', 'PEG-00001', 'RUDI SEDATI', 'RAYA SEDATI 41', '08141212319', '081821727128', '2020-09-05 21:26:48', NULL, NULL, 1);
INSERT INTO `m_pegawai` VALUES ('2', '2', 'PEG-00002', 'RIDWAN TAMBAK', 'WIYUNG 29 SURABAYA', '083312941212', '081821727128', '2020-09-05 21:26:48', NULL, NULL, 1);
INSERT INTO `m_pegawai` VALUES ('3', '2', 'PEG-00003', 'ANTON BUBUT', 'GENTENG KALI 31', '084121234121', '0831212112312', '2020-09-05 21:26:48', NULL, NULL, 1);

-- ----------------------------
-- Table structure for m_pemetaan
-- ----------------------------
DROP TABLE IF EXISTS `m_pemetaan`;
CREATE TABLE `m_pemetaan`  (
  `id` int(10) NOT NULL,
  `keterangan` varchar(255) CHARACTER SET utf8mb4 COLLATE utf8mb4_general_ci NULL DEFAULT NULL,
  `umur_awal` int(10) NULL DEFAULT NULL,
  `umur_akhir` int(10) NULL DEFAULT NULL,
  `created_at` datetime(0) NULL DEFAULT NULL,
  `updated_at` datetime(0) NULL DEFAULT NULL,
  `deleted_at` datetime(0) NULL DEFAULT NULL,
  PRIMARY KEY (`id`) USING BTREE
) ENGINE = InnoDB CHARACTER SET = utf8mb4 COLLATE = utf8mb4_general_ci ROW_FORMAT = Dynamic;

-- ----------------------------
-- Records of m_pemetaan
-- ----------------------------
INSERT INTO `m_pemetaan` VALUES (1, 'Anak Anak', 6, 13, '2020-09-09 19:56:43', NULL, NULL);
INSERT INTO `m_pemetaan` VALUES (2, 'Remaja', 14, 19, '2020-09-09 19:57:24', NULL, NULL);
INSERT INTO `m_pemetaan` VALUES (3, 'Dewasa', 20, 40, '2020-09-09 19:57:45', '2020-09-09 20:04:38', NULL);
INSERT INTO `m_pemetaan` VALUES (4, 'STW', 41, 50, '2020-09-09 19:58:03', NULL, NULL);
INSERT INTO `m_pemetaan` VALUES (5, 'Lansia', 51, 1000, '2020-09-09 19:58:16', NULL, NULL);
INSERT INTO `m_pemetaan` VALUES (6, 'Balita', 0, 5, '2020-09-09 20:06:37', NULL, NULL);

-- ----------------------------
-- Table structure for m_role
-- ----------------------------
DROP TABLE IF EXISTS `m_role`;
CREATE TABLE `m_role`  (
  `id` int(11) NOT NULL AUTO_INCREMENT,
  `nama` varchar(20) CHARACTER SET latin1 COLLATE latin1_swedish_ci NOT NULL,
  `keterangan` varchar(255) CHARACTER SET latin1 COLLATE latin1_swedish_ci NULL DEFAULT '',
  `aktif` int(1) NULL DEFAULT 1,
  PRIMARY KEY (`id`) USING BTREE
) ENGINE = InnoDB AUTO_INCREMENT = 6 CHARACTER SET = latin1 COLLATE = latin1_swedish_ci ROW_FORMAT = COMPACT;

-- ----------------------------
-- Records of m_role
-- ----------------------------
INSERT INTO `m_role` VALUES (1, 'developer', 'Level Developer Role', 1);
INSERT INTO `m_role` VALUES (2, 'administrator', 'Level Administrator Role', 1);
INSERT INTO `m_role` VALUES (3, 'Staff Admin', 'Role Untuk Staff Admin', 1);

-- ----------------------------
-- Table structure for m_tindakan
-- ----------------------------
DROP TABLE IF EXISTS `m_tindakan`;
CREATE TABLE `m_tindakan`  (
  `id_tindakan` int(32) NOT NULL AUTO_INCREMENT,
  `kode_tindakan` varchar(255) CHARACTER SET utf8mb4 COLLATE utf8mb4_general_ci NULL DEFAULT NULL,
  `nama_tindakan` varchar(500) CHARACTER SET utf8mb4 COLLATE utf8mb4_general_ci NULL DEFAULT NULL,
  `harga` int(255) NULL DEFAULT NULL,
  `created_at` datetime(0) NULL DEFAULT NULL,
  `updated_at` datetime(0) NULL DEFAULT NULL,
  `deleted_at` datetime(0) NULL DEFAULT NULL,
  PRIMARY KEY (`id_tindakan`) USING BTREE
) ENGINE = InnoDB AUTO_INCREMENT = 3 CHARACTER SET = utf8mb4 COLLATE = utf8mb4_general_ci ROW_FORMAT = DYNAMIC;

-- ----------------------------
-- Records of m_tindakan
-- ----------------------------
INSERT INTO `m_tindakan` VALUES (1, 'T001', 'Operasi', 100000, NULL, NULL, NULL);
INSERT INTO `m_tindakan` VALUES (2, 'T002', 'Penambalan Gigi Cuy', 50000, '2020-09-09 14:35:45', '2020-09-09 15:05:11', NULL);

-- ----------------------------
-- Table structure for m_user
-- ----------------------------
DROP TABLE IF EXISTS `m_user`;
CREATE TABLE `m_user`  (
  `id` varchar(100) CHARACTER SET latin1 COLLATE latin1_swedish_ci NOT NULL,
  `id_role` int(11) NULL DEFAULT NULL,
  `id_pegawai` varchar(100) CHARACTER SET latin1 COLLATE latin1_swedish_ci NULL DEFAULT NULL,
  `kode_user` varchar(100) CHARACTER SET latin1 COLLATE latin1_swedish_ci NULL DEFAULT NULL,
  `username` varchar(100) CHARACTER SET latin1 COLLATE latin1_swedish_ci NULL DEFAULT NULL,
  `password` varchar(100) CHARACTER SET latin1 COLLATE latin1_swedish_ci NULL DEFAULT NULL,
  `status` int(1) NULL DEFAULT NULL,
  `last_login` datetime(0) NULL DEFAULT NULL,
  `foto` varchar(255) CHARACTER SET latin1 COLLATE latin1_swedish_ci NULL DEFAULT 'user_default.png',
  `created_at` datetime(0) NULL DEFAULT NULL,
  `updated_at` datetime(0) NULL DEFAULT NULL ON UPDATE CURRENT_TIMESTAMP(0),
  `deleted_at` datetime(0) NULL DEFAULT NULL,
  PRIMARY KEY (`id`) USING BTREE
) ENGINE = InnoDB CHARACTER SET = latin1 COLLATE = latin1_swedish_ci ROW_FORMAT = COMPACT;

-- ----------------------------
-- Records of m_user
-- ----------------------------
INSERT INTO `m_user` VALUES ('1', 1, '1', 'USR-00001', 'admin', 'SnIvSVV6c2UwdWhKS1ZKMDluUlp4dz09', 1, '2020-09-27 09:34:32', 'user_default.png', '2020-09-06 20:18:00', '2020-09-27 09:34:32', NULL);
INSERT INTO `m_user` VALUES ('2', 2, '2', 'USR-00002', 'cek', 'SnIvSVV6c2UwdWhKS1ZKMDluUlp4dz09', 1, '2020-09-14 00:37:31', 'user_default.png', '2020-09-06 20:18:00', '2020-09-14 00:37:31', NULL);
INSERT INTO `m_user` VALUES ('3', 1, '2', 'USR-00003', 'sugiono', 'SnIvSVV6c2UwdWhKS1ZKMDluUlp4dz09', 1, NULL, 'sugiono-1599399152.jpg', '2020-09-06 20:18:00', '2020-09-06 20:32:32', NULL);

-- ----------------------------
-- Table structure for t_perawatan
-- ----------------------------
DROP TABLE IF EXISTS `t_perawatan`;
CREATE TABLE `t_perawatan`  (
  `id` int(64) NOT NULL,
  `id_reg` int(64) NULL DEFAULT NULL,
  `id_pasien` int(11) NULL DEFAULT NULL,
  `id_pegawai` varchar(100) CHARACTER SET utf8mb4 COLLATE utf8mb4_general_ci NULL DEFAULT NULL,
  `tanggal` date NULL DEFAULT NULL,
  `anamnesa` text CHARACTER SET utf8mb4 COLLATE utf8mb4_general_ci NULL,
  `created_at` datetime(0) NULL DEFAULT NULL,
  `updated_at` datetime(0) NULL DEFAULT NULL,
  `deleted_at` datetime(0) NULL DEFAULT NULL,
  PRIMARY KEY (`id`) USING BTREE
) ENGINE = InnoDB CHARACTER SET = utf8mb4 COLLATE = utf8mb4_general_ci ROW_FORMAT = Dynamic;

-- ----------------------------
-- Records of t_perawatan
-- ----------------------------
INSERT INTO `t_perawatan` VALUES (1, 1, 6, '1', '2020-09-27', NULL, '2020-09-27 10:57:17', NULL, NULL);

-- ----------------------------
-- Table structure for t_registrasi
-- ----------------------------
DROP TABLE IF EXISTS `t_registrasi`;
CREATE TABLE `t_registrasi`  (
  `id` int(64) NOT NULL,
  `id_pasien` varchar(255) CHARACTER SET utf8mb4 COLLATE utf8mb4_general_ci NULL DEFAULT NULL,
  `no_reg` varchar(255) CHARACTER SET utf8mb4 COLLATE utf8mb4_general_ci NULL DEFAULT NULL,
  `tanggal_reg` date NULL DEFAULT NULL,
  `jam_reg` time(0) NULL DEFAULT NULL,
  `id_pegawai` varchar(255) CHARACTER SET utf8mb4 COLLATE utf8mb4_general_ci NULL DEFAULT NULL,
  `is_asuransi` varchar(255) CHARACTER SET utf8mb4 COLLATE utf8mb4_general_ci NULL DEFAULT NULL COMMENT '1: Asuransi, null = umum',
  `umur` varchar(255) CHARACTER SET utf8mb4 COLLATE utf8mb4_general_ci NULL DEFAULT NULL,
  `id_pemetaan` varchar(255) CHARACTER SET utf8mb4 COLLATE utf8mb4_general_ci NULL DEFAULT NULL,
  `id_asuransi` varchar(255) CHARACTER SET utf8mb4 COLLATE utf8mb4_general_ci NULL DEFAULT NULL,
  `no_asuransi` varchar(255) CHARACTER SET utf8mb4 COLLATE utf8mb4_general_ci NULL DEFAULT NULL,
  `is_pulang` int(1) NULL DEFAULT NULL COMMENT '1: Pulang, null = Masih DIrawat',
  `tanggal_pulang` date NULL DEFAULT NULL,
  `jam_pulang` time(0) NULL DEFAULT NULL,
  `created_at` datetime(0) NULL DEFAULT NULL,
  `updated_at` datetime(0) NULL DEFAULT NULL,
  `deleted_at` datetime(0) NULL DEFAULT NULL,
  PRIMARY KEY (`id`) USING BTREE
) ENGINE = InnoDB CHARACTER SET = utf8mb4 COLLATE = utf8mb4_general_ci ROW_FORMAT = Dynamic;

-- ----------------------------
-- Records of t_registrasi
-- ----------------------------
INSERT INTO `t_registrasi` VALUES (1, '6', '000.000.000.001', '2020-09-19', '22:55:45', '1', '1', '20', '3', '6', '1iaosiaosi', NULL, NULL, NULL, '2020-09-19 22:55:55', '2020-09-20 23:45:20', NULL);
INSERT INTO `t_registrasi` VALUES (2, '5', '000.000.000.002', '2020-09-19', '22:56:00', '1', '1', '30', '3', '1', 'gak cair bpjs e', NULL, NULL, NULL, '2020-09-19 22:56:22', '2020-09-21 13:29:48', NULL);
INSERT INTO `t_registrasi` VALUES (3, '6', '000.000.000.003', '2020-09-24', '13:01:45', '1', NULL, '20', '3', NULL, NULL, NULL, NULL, NULL, '2020-09-26 13:02:04', NULL, NULL);

-- ----------------------------
-- Table structure for t_role_menu
-- ----------------------------
DROP TABLE IF EXISTS `t_role_menu`;
CREATE TABLE `t_role_menu`  (
  `id_menu` int(11) NOT NULL,
  `id_role` int(11) NOT NULL,
  `add_button` int(1) NULL DEFAULT 0,
  `edit_button` int(1) NULL DEFAULT 0,
  `delete_button` int(1) NULL DEFAULT 0,
  INDEX `f_level_user`(`id_role`) USING BTREE,
  INDEX `id_menu`(`id_menu`) USING BTREE,
  CONSTRAINT `f_level_user` FOREIGN KEY (`id_role`) REFERENCES `m_role` (`id`) ON DELETE RESTRICT ON UPDATE RESTRICT,
  CONSTRAINT `t_role_menu_ibfk_1` FOREIGN KEY (`id_menu`) REFERENCES `m_menu` (`id`) ON DELETE RESTRICT ON UPDATE RESTRICT
) ENGINE = InnoDB CHARACTER SET = latin1 COLLATE = latin1_swedish_ci ROW_FORMAT = COMPACT;

-- ----------------------------
-- Records of t_role_menu
-- ----------------------------
INSERT INTO `t_role_menu` VALUES (1, 3, 0, 0, 0);
INSERT INTO `t_role_menu` VALUES (2, 3, 0, 0, 0);
INSERT INTO `t_role_menu` VALUES (5, 3, 1, 1, 1);
INSERT INTO `t_role_menu` VALUES (1, 2, 0, 0, 0);
INSERT INTO `t_role_menu` VALUES (17, 2, 0, 0, 0);
INSERT INTO `t_role_menu` VALUES (18, 2, 1, 1, 1);
INSERT INTO `t_role_menu` VALUES (19, 2, 1, 1, 1);
INSERT INTO `t_role_menu` VALUES (1, 1, 0, 0, 0);
INSERT INTO `t_role_menu` VALUES (6, 1, 0, 0, 0);
INSERT INTO `t_role_menu` VALUES (11, 1, 0, 0, 0);
INSERT INTO `t_role_menu` VALUES (12, 1, 1, 1, 1);
INSERT INTO `t_role_menu` VALUES (9, 1, 0, 0, 0);
INSERT INTO `t_role_menu` VALUES (13, 1, 1, 1, 1);
INSERT INTO `t_role_menu` VALUES (14, 1, 1, 1, 1);
INSERT INTO `t_role_menu` VALUES (10, 1, 0, 0, 0);
INSERT INTO `t_role_menu` VALUES (7, 1, 1, 1, 1);
INSERT INTO `t_role_menu` VALUES (8, 1, 1, 1, 1);
INSERT INTO `t_role_menu` VALUES (15, 1, 1, 1, 1);
INSERT INTO `t_role_menu` VALUES (16, 1, 1, 1, 1);
INSERT INTO `t_role_menu` VALUES (17, 1, 0, 0, 0);
INSERT INTO `t_role_menu` VALUES (18, 1, 1, 1, 1);
INSERT INTO `t_role_menu` VALUES (19, 1, 1, 1, 1);
INSERT INTO `t_role_menu` VALUES (20, 1, 0, 0, 0);
INSERT INTO `t_role_menu` VALUES (21, 1, 1, 1, 1);
INSERT INTO `t_role_menu` VALUES (2, 1, 0, 0, 0);
INSERT INTO `t_role_menu` VALUES (4, 1, 1, 1, 1);
INSERT INTO `t_role_menu` VALUES (3, 1, 1, 1, 1);

SET FOREIGN_KEY_CHECKS = 1;
